alpha,final_tax_rate, mean_tax_rate, median_tax_rate, std_tax_rate, max_tax_rate, min_tax_rate
1.000000,0.602369,0.602954,0.602958,0.008233,0.742720,0.545570
0.800000,0.099998,0.099998,0.099998,0.000000,0.100000,0.099997
0.800000,0.077789,0.078372,0.078262,0.000802,0.088674,0.076950
0.800000,0.000000,0.000000,0.000000,0.000000,0.000000,0.000000
0.800000,0.000000,0.000000,0.000000,0.000000,0.000000,0.000000
0.800000,0.000000,0.001501,0.000000,0.005070,0.031822,0.000000
0.800000,0.000000,0.000000,0.000000,0.000000,0.000000,0.000000
0.800000,0.000000,0.003595,0.000000,0.005714,0.017591,0.000000
0.800000,0.000000,0.000000,0.000000,0.000000,0.000000,0.000000
0.800000,0.029636,0.020568,0.023835,0.008748,0.030613,0.000000
0.800000,0.000000,0.000000,0.000000,0.000000,0.000000,0.000000
0.800000,0.000000,0.000000,0.000000,0.000000,0.000000,0.000000
