alpha,final_tax_rate, mean_tax_rate, median_tax_rate, std_tax_rate, max_tax_rate, min_tax_rate
1.000000,0.043712,0.041666,0.041477,0.003401,0.077666,0.001969
0.800000,0.050000,0.050000,0.050000,0.000000,0.050000,0.050000
0.800000,0.050000,0.050000,0.050000,0.000000,0.050000,0.050000
0.800000,0.000000,0.000000,0.000000,0.000000,0.000000,0.000000
0.800000,0.000000,0.000000,0.000000,0.000000,0.000000,0.000000
0.800000,0.000000,0.001195,0.000000,0.004073,0.026507,0.000000
0.800000,0.000000,0.000000,0.000000,0.000000,0.000000,0.000000
0.800000,0.000000,0.003595,0.000000,0.005714,0.017591,0.000000
0.800000,0.000000,0.000000,0.000000,0.000000,0.000000,0.000000
0.800000,0.016883,0.012878,0.015122,0.004902,0.017576,0.000000
0.800000,0.000000,0.000000,0.000000,0.000000,0.000000,0.000000
0.800000,0.000000,0.000000,0.000000,0.000000,0.000000,0.000000
