alpha,final_tax_rate, mean_tax_rate, median_tax_rate, std_tax_rate, max_tax_rate, min_tax_rate
1.000000,0.675131,0.670998,0.671102,0.009420,0.834797,0.582511
0.800000,0.099999,0.099999,0.099999,0.000000,0.100000,0.099999
0.800000,0.081678,0.081810,0.081714,0.000669,0.089973,0.080576
0.800000,0.000000,0.000000,0.000000,0.000000,0.000000,0.000000
0.800000,0.000000,0.000000,0.000000,0.000000,0.000000,0.000000
0.800000,0.000000,0.001548,0.000000,0.005205,0.032508,0.000000
0.800000,0.000000,0.000000,0.000000,0.000000,0.000000,0.000000
0.800000,0.000000,0.003595,0.000000,0.005714,0.017591,0.000000
0.800000,0.000000,0.000000,0.000000,0.000000,0.000000,0.000000
0.800000,0.030730,0.021455,0.024956,0.009128,0.031701,0.000000
0.800000,0.000000,0.000000,0.000000,0.000000,0.000000,0.000000
0.800000,0.000000,0.000000,0.000000,0.000000,0.000000,0.000000
