alpha,final_tax_rate, mean_tax_rate, median_tax_rate, std_tax_rate, max_tax_rate, min_tax_rate
1.000000,0.115830,0.114015,0.113807,0.006154,0.199661,0.016886
0.800000,0.094676,0.094216,0.094222,0.000819,0.099380,0.091776
0.800000,0.056882,0.057456,0.057444,0.000483,0.064672,0.056180
0.800000,0.000000,0.000000,0.000000,0.000000,0.000000,0.000000
0.800000,0.000000,0.000000,0.000000,0.000000,0.000000,0.000000
0.800000,0.000000,0.001256,0.000000,0.004279,0.027480,0.000000
0.800000,0.000000,0.000000,0.000000,0.000000,0.000000,0.000000
0.800000,0.000000,0.003595,0.000000,0.005714,0.017591,0.000000
0.800000,0.000000,0.000000,0.000000,0.000000,0.000000,0.000000
0.800000,0.017709,0.013444,0.015805,0.005154,0.018588,0.000000
0.800000,0.000000,0.000000,0.000000,0.000000,0.000000,0.000000
0.800000,0.000000,0.000000,0.000000,0.000000,0.000000,0.000000
