alpha,final_tax_rate, mean_tax_rate, median_tax_rate, std_tax_rate, max_tax_rate, min_tax_rate
1.000000,0.772475,0.781154,0.781075,0.011947,0.940051,0.632923
0.800000,0.100000,0.100000,0.100000,0.000000,0.100000,0.100000
0.800000,0.086719,0.087577,0.087523,0.000677,0.092986,0.085732
0.800000,0.000000,0.000000,0.000000,0.000000,0.000000,0.000000
0.800000,0.000000,0.000000,0.000000,0.000000,0.000000,0.000000
0.800000,0.000000,0.001627,0.000000,0.005441,0.033784,0.000000
0.800000,0.000000,0.000000,0.000000,0.000000,0.000000,0.000000
0.800000,0.000000,0.003595,0.000000,0.005714,0.017591,0.000000
0.800000,0.000000,0.000000,0.000000,0.000000,0.000000,0.000000
0.800000,0.031702,0.022492,0.026501,0.009517,0.032938,0.000000
0.800000,0.000000,0.000000,0.000000,0.000000,0.000000,0.000000
0.800000,0.000000,0.000000,0.000000,0.000000,0.000000,0.000000
