alpha,T_max,T_esp,T_scale
0.800000,0.100000,2.914965,0.010000
