alpha,T_max,T_esp,T_scale
0.800000,0.000000,0.000016,0.000000
